{"cameraMode":{"drawMode":0,"name":"Shaded","section":"Shading Mode"},"sceneLighting":true,"audioPlay":false,"sceneViewState":{"showFog":true,"showMaterialUpdate":false,"showSkybox":true,"showFlares":true,"showImageEffects":true,"showParticleSystems":true},"in2DMode":false,"pivot":{"x":-0.0839616060256958,"y":18.84903335571289,"z":-24.84970474243164},"rotation":{"x":0.1635385900735855,"y":-0.09338612854480744,"z":0.01555153913795948,"w":0.9819839000701904},"size":8.554916381835938,"orthographic":false}